Author Gender,Author Born On,Title,Good Reads Id,Year of Publication,Author Country,Pages,Author GR Id,Author Birth Year,Author Hometown,Author,Author Birthday,Attempted
,,Normal People,37539457,2018,County Mayo,266,15860970,,County Mayo,Sally Rooney,,1
male,1960/03/08,The Virgin Suicides,10956,1993,"Detroit, Michigan",250,1467,1960,"Detroit, Michigan",Jeffrey Eugenides,03/08,1
male,1927/03/06,One Hundred Years of Solitude,320,1967,"Aracataca, Magdalena",417,13450,1927,"Aracataca, Magdalena",Gabriel García Márquez,03/06,1
female,,"From Twinkle, with Love",36373464,2018,,330,14834224,,,Sandhya Menon,,1
female,1967/07/11,Interpreter of Maladies,5439,1999,London (England),198,3670,1967,London (England),Jhumpa Lahiri,07/11,1
female,,When Dimple Met Rishi,28458598,2017,,380,14834224,,,Sandhya Menon,,1
male,1958/12/02,Lincoln in the Bardo,29906980,2017,"Amarillo, Texas",343,8885,1958,"Amarillo, Texas",George Saunders,12/02,1
male,,The Subtle Art of Not Giving a F*ck: A Counterintuitive Approach to Living a Good Life,28257707,2016,Austin,224,8529755,,Austin,Mark Manson,,1
female,1975/10/27,Swing Time,28390369,2016,London Borough of Brent,453,2522,1975,London Borough of Brent,Zadie Smith,10/27,1
male,,Crazy Rich Asians,16085481,2013,Singapore,403,634694,,Singapore,Kevin Kwan,,1
female,,To all the boys I've Loved before,15749186,2014,,355,151371,,,Jenny Han,,1
male,1927/03/06,Love in the Time of Cholera,9712,1985,"Aracataca, Magdalena",348,13450,1927,"Aracataca, Magdalena",Gabriel García Márquez,03/06,1
,,Is Everyone Hanging Out Without Me? (And Other Concerns),10335308,2011,"Cambridge, MA",222,194416,,"Cambridge, MA",Mindy Kaling,,1
male,1899/04/22,Lolita,7604,1955,Saint Petersburg,417,5152,1899,Saint Petersburg,Vladimir Nabokov,04/22,1
male,1821/11/11,The Eternal Husband,139421,1870,Moscow,137,3137322,1821,Moscow,Fyodor Dostoyevsky,11/11,1
male,1902/02/27,Grapes of Wrath ,18114322,1939,"Salinas Valley, California",479,585,1902,"Salinas Valley, California",John Steinbeck,02/27,1
male,,An Association of Small Bombs,25810398,2016,,288,1856113,,,Karan Mahajan,,1
,,Performative Revolution in Egypt: An Essay in Cultural Power,12582353,2011,,144,154443,,,Jeffrey C. Alexander,,1
female,,A Visit from the Goon Squad,7331435,2010,"Chicago, IL",288,49625,,"Chicago, IL",Jennifer Egan,,1
female,1967/07/11,The Lowland,17262100,2013,London (England),340,3670,1967,London (England),Jhumpa Lahiri,07/11,1
male,1919/01/01,The Catcher in the Rye,5107,1951,"Manhattan, New York",277,819789,1919,"Manhattan, New York",J.D. Salinger,01/01,1
male,1875/12/04,Auguste Rodin,1052998,1903,Prague,88,7906,1875,Prague,Rainer Maria Rilke,12/04,1
female,1926/04/28,To Kill a Mockingbird,2657,1960,"Monroeville, Alabama",324,1825,1926,"Monroeville, Alabama",Harper Lee,04/28,1
male,1971/01/01,Monster of Men,20758105,2010,"Fort Belvoir, Virginia",643,370361,1971,"Fort Belvoir, Virginia",Patrick Ness,01/01,1
male,1947/06/19,Midnight's Children,14836,1981,Bombay,647,3299,1947,Bombay,Salman Rushdie,06/19,1
male,1903/06/25,1984,40961427,1949,"Motihari, Bihar",237,3706,1903,"Motihari, Bihar",George Orwell,06/25,1
male,1974/04/22,2 States,6969361,2009,New Delhi,269,61124,1974,New Delhi,Chetan Bhagat,04/22,1
male,,A Bend in the Road,3463,2001,"Omaha, Nebraska",341,2345,,"Omaha, Nebraska",Nicholas Sparks,,1
,,A Fistful of Rice,10375910,2010,,208,4071634,,,Vikram Akula,,1
male,1940/04/15,A Matter of Honor,78970,1986,London,368,4820,1940,London,Jeffrey Archer,04/15,1
male,1879/01/01,A Passage to India,45195,1924,"Marylebone, London, England",376,86404,1879,"Marylebone, London, England",E.M. Forster,01/01,1
male,1940/04/15,A Prisoner of Birth,1611988,2008,London,501,4820,1940,London,Jeffrey Archer,04/15,1
,,The Austere Academy,131123,2000,San Francisco,221,36746,,San Francisco,Lemony Snicket,,1
,,The Bad Beginning,78411,1999,San Francisco,176,36746,,San Francisco,Lemony Snicket,,1
,,The Carnivorous Carnival,324277,2002,San Francisco,286,36746,,San Francisco,Lemony Snicket,,1
male,1951/08/24,The End,375802,1985,"Richland, Washington",324,589,1951,"Richland, Washington",Orson Scott Card,08/24,1
,,The Ersatz Elevator,172327,2001,San Francisco,259,36746,,San Francisco,Lemony Snicket,,1
,,The Grim Grotto,65111,2004,San Francisco,323,36746,,San Francisco,Lemony Snicket,,1
,,The Hostile Hospital,65118,2001,San Francisco,272,36746,,San Francisco,Lemony Snicket,,1
,,The Miserable Mill,65119,2000,San Francisco,194,36746,,San Francisco,Lemony Snicket,,1
,,The Penultimate Peril,65110,2005,San Francisco,353,36746,,San Francisco,Lemony Snicket,,1
,,The Reptile Room,78418,1999,San Francisco,192,36746,,San Francisco,Lemony Snicket,,1
,,The Slippery Slope,297792,2003,San Francisco,337,36746,,San Francisco,Lemony Snicket,,1
,,The Vile Village,150037,2001,San Francisco,272,36746,,San Francisco,Lemony Snicket,,1
,,The Wide Window,438492,2000,San Francisco,214,36746,,San Francisco,Lemony Snicket,,1
male,1952/06/20,A Suitable Boy,50365,1993,"Calcutta (now Kolkata), West Bengal",1474,28345,1952,"Calcutta (now Kolkata), West Bengal",Vikram Seth,06/20,1
male,1965/03/04,A Thousand Splendid Suns,128029,2007,Kabul,372,569,1965,Kabul,Khaled Hosseini,03/04,1
male,,A Walk to Remember,35545737,1999,"Omaha, Nebraska",215,2345,,"Omaha, Nebraska",Nicholas Sparks,,1
male,1854/10/16,An Ideal Husband,5296,1893,Dublin,78,3565,1854,Dublin,Oscar Wilde,10/16,1
male,1965/05/14,And Another Thing,6359434,2009,Wexford,275,10896,1965,Wexford,Eoin Colfer,05/14,1
male,1965/03/04,And the Mountains Echoed,16115612,2012,Kabul,404,569,1965,Kabul,Khaled Hosseini,03/04,1
male,,Angels and Demons,960,2000,"Exeter, New Hampshire",736,630,,"Exeter, New Hampshire",Dan Brown,,1
male,1903/06/25,Animal Farm,170448,1945,"Motihari, Bihar",144,3706,1903,"Motihari, Bihar",George Orwell,06/25,1
male,1828/09/09,Anna Karenina,15823480,1877,"Yasnaya Polyana, Tula, Russian Empire",964,128382,1828,"Yasnaya Polyana, Tula, Russian Empire",Leo Tolstoy,09/09,1
male,1963/01/01,Arctic Summer,18807424,2014,Pretoria,352,64459,1963,Pretoria,Damon Galgut,01/01,1
female,,"Are You There God? It's Me, Margaret",37732,1970,"Elizabeth, New Jersey",149,12942,,"Elizabeth, New Jersey",Judy Blume,,1
male,1965/05/14,The Arctic Incident,114955,2002,Wexford,398,10896,1965,Wexford,Eoin Colfer,05/14,1
male,1965/05/14,The Atlantis Complex,7005865,2010,Wexford,357,10896,1965,Wexford,Eoin Colfer,05/14,1
male,1965/05/14,The Eternity Code,227865,2003,Wexford,352,10896,1965,Wexford,Eoin Colfer,05/14,1
male,1965/05/14,The Last Guardian,9307674,2012,Wexford,328,10896,1965,Wexford,Eoin Colfer,05/14,1
male,1965/05/14,The Lost Colony,37586,2006,Wexford,385,10896,1965,Wexford,Eoin Colfer,05/14,1
male,1965/05/14,The Opal Deception,114954,2005,Wexford,416,10896,1965,Wexford,Eoin Colfer,05/14,1
male,1965/05/14,The Time Paradox,2179276,2008,Wexford,391,10896,1965,Wexford,Eoin Colfer,05/14,1
male,,Asura,13563459,,Cochin,504,5785094,,Cochin,Anand Neelakantan,,1
male,1933/01/09,Assegai,6073881,2009,Kabwe,471,4043,1933,Kabwe,Wilbur Smith,01/09,1
female,1905/02/02,Atlas Shrugged,662,1957,St. Petersburg,1168,432,1905,St. Petersburg,Ayn Rand,02/02,1
female,,Avalon High,187812,2005,"Bloomington, Indiana",288,11654,,"Bloomington, Indiana",Meg Cabot,,1
male,1965/11/05,Being Mortal,20696006,2014,"Brooklyn, New York",282,3078,1965,"Brooklyn, New York",Atul Gawande,11/05,1
female,1820/03/30,Black Beauty,3685,1877,"Great Yarmouth, Norfolk, England",245,2530,1820,"Great Yarmouth, Norfolk, England",Anna Sewell,03/30,1
,,Black Swans,242472,2007,Amioun,366,21559,,Amioun,Nassim Nicholas Taleb,,1
male,1963/09/03,Blink,40102,2005,"London, England",296,1439,1963,"London, England",Malcolm Gladwell,09/03,1
female,1973/12/24,Breaking Dawn,1162543,2008,Connecticut,756,941441,1973,Connecticut,Stephenie Meyer,12/24,1
male,1983/11/17,Brisinger,2248573,2008,Southern California,748,8349,1983,Southern California,Christopher Paolini,11/17,1
female,1962/08/11,Catching Fire,6148028,2009," Hartford, Connecticut",391,153394,1962," Hartford, Connecticut",Suzanne Collins,08/11,1
female,1965/07/31,Cuckoo's Calling,16160797,2013,Yate,455,383606,1965,Yate,Robert Galbraith,07/31,1
female,,Darkest Hour,49006,2005,,315,27498,,,Erin Hunter,,1
male,,Deception Point,976,2001,"Exeter, New Hampshire",556,630,,"Exeter, New Hampshire",Dan Brown,,1
female,,Deenie,37735,1973,"Elizabeth, New Jersey",159,12942,,"Elizabeth, New Jersey",Judy Blume,,1
male,,Digital Fortress,11125,1998,"Exeter, New Hampshire",510,630,,"Exeter, New Hampshire",Dan Brown,,1
female,1973/12/24,Eclipse,428263,2007,Connecticut,629,941441,1973,Connecticut,Stephenie Meyer,12/24,1
male,1983/11/17,Eldest,45978,2005,Southern California,704,8349,1983,Southern California,Christopher Paolini,11/17,1
female,1775/12/16,Emma,6969,1815,"Steventon Rectory, Hampshire, England",474,1265,1775,"Steventon Rectory, Hampshire, England",Jane Austen,12/16,1
male,1983/11/17,Eragon,113436,2002,Southern California,503,8349,1983,Southern California,Christopher Paolini,11/17,1
male,1785/01/04,Fairy Tales,22917,1812,"Hanau, Hesse-Kassel",880,2938140,1785,"Hanau, Hesse-Kassel",Jacob Grimm,01/04,1
male,1940/04/15,False Impression,78971,2005,London,538,4820,1940,London,Jeffrey Archer,04/15,1
female,1858/08/15,Five Children and It,45181,1902,"Kennington, Surrey",237,7935185,1858,"Kennington, Surrey",E. Nesbit,08/15,1
,,Fooled by Randomness,38315,2001,Amioun,368,21559,,Amioun,Nassim Nicholas Taleb,,1
female,,For One Day More,17132898,2013,"Salt Lake City, Utah",50,2096360,,"Salt Lake City, Utah",Aprilynne Pike,,1
,,Freakanomics,25900475,2015,,315,7164091,,,BusinessNews Publishing,,1
female,1900/11/08,Gone with the Wind,18405,1936,"Atlanta, Georgia",1037,11081,1900,"Atlanta, Georgia",Margaret Mitchell,11/08,1
,1977/09/15,Half of a Yellow Sun,18749,2006,Enugu,433,11291,1977,Enugu,Chimamanda Ngozi Adichie,09/15,1
female,,Handle with Care,3720975,2009,"Nesconset, Long Island, New York,",453,7128,,"Nesconset, Long Island, New York,",Jodi Picoult,,1
female,1965/07/31,Harry Potter and the Chamber of Secrets,15881,1998,"Yate, South Gloucestershire, England",341,1077326,1965,"Yate, South Gloucestershire, England",J.K. Rowling,07/31,1
female,1965/07/31,Harry Potter and the Deathly Hallows,136251,2007,"Yate, South Gloucestershire, England",759,1077326,1965,"Yate, South Gloucestershire, England",J.K. Rowling,07/31,1
female,1965/07/31,Harry Potter and the Goblet of Fire,6,2000,"Yate, South Gloucestershire, England",734,1077326,1965,"Yate, South Gloucestershire, England",J.K. Rowling,07/31,1
female,1965/07/31,Harry Potter and the Half Blood Prince,1,2005,"Yate, South Gloucestershire, England",652,1077326,1965,"Yate, South Gloucestershire, England",J.K. Rowling,07/31,1
female,1965/07/31,Harry Potter and the Order of the Phoenix,2,2003,"Yate, South Gloucestershire, England",870,1077326,1965,"Yate, South Gloucestershire, England",J.K. Rowling,07/31,1
,,Harry Potter and the Philosopher's Stone,3106384,2000,,144,5989293,,,Dave Hockley,,1
female,1965/07/31,Harry Potter and the Prisoner of Azkaban,5,1999,"Yate, South Gloucestershire, England",435,1077326,1965,"Yate, South Gloucestershire, England",J.K. Rowling,07/31,1
male,,Haunted,22288,2005,"Pasco, WA",419,2546,,"Pasco, WA",Chuck Palahniuk,,1
,,Have a Little Faith,1255781,2009,"Passaic, New Jersey",249,2331,,"Passaic, New Jersey",Mitch Albom,,1
male,,The House of Hades,12127810,2013,"San Antonio, Texas",597,15872,,"San Antonio, Texas",Rick Riordan,,1
male,,The Last Olympian,4556058,2009,"San Antonio, Texas",381,15872,,"San Antonio, Texas",Rick Riordan,,1
male,,The Lost Hero,7736182,2010,"San Antonio, Texas",557,15872,,"San Antonio, Texas",Rick Riordan,,1
male,,The Mark of Athena,12127750,2012,"San Antonio, Texas",586,15872,,"San Antonio, Texas",Rick Riordan,,1
male,,The Son of Neptune,9520360,2011,"San Antonio, Texas",521,15872,,"San Antonio, Texas",Rick Riordan,,1
male,1936/10/25,Heroes of the Holocaust,1119377,2002,London,560,5792,1936,London,Martin  Gilbert,10/25,1
male,1954/03/20,Holes,38709,1998,"East Meadow, New York",233,6569,1954,"East Meadow, New York",Louis Sachar,03/20,1
female,1941/10/25,Homesick,77699,1982,"Minneapolis, Minnesota",303,457,1941,"Minneapolis, Minnesota",Anne Tyler,10/25,1
female,1973/12/24,Host,1656001,2008,Connecticut,620,941441,1973,Connecticut,Stephenie Meyer,12/24,1
female,1950/08/19,How I Taught My Grandmother to Read and Other Stories,264390,2004,Shiggaon ,188,577199,1950,Shiggaon ,Sudha Murty,08/19,1
male,1975/06/23,I Am the Messenger,19057,2002,Sydney,357,11466,1975,Sydney,Markus Zusak,06/23,1
female,,"I'd Tell You I Love You, but then I'd Have to Kill You",852470,2006,,284,56224,,,Ally Carter,,1
female,1928/04/04,I Know Why the Caged Bird Sings,13214,1969,"St. Louis, Missouri",289,3503,1928,"St. Louis, Missouri",Maya Angelou,04/04,1
male,1933/11/03,Identity and Violence,25409,2006,Shantiniketan,240,82531,1933,Shantiniketan,Amartya Sen,11/03,1
male,1929/04/01,Immortality,28634,1990,Brno,400,6343,1929,Brno,Milan Kundera,04/01,1
male,1983/11/17,Inheritance,7664041,2011,Southern California,849,8349,1983,Southern California,Christopher Paolini,11/17,1
,1958/12/10,Inkspell,28195,2005,"Dorsten, North Rhine-Westphalia",635,15873,1958,"Dorsten, North Rhine-Westphalia",Cornelia Funke,12/10,1
male,1913/03/01,Invisible,16981,1952,"Oklahoma City, Oklahoma",581,7508,1913,"Oklahoma City, Oklahoma",Ralph Ellison,03/01,1
male,1970/12/11,Jaya: An Illustrated Retelling of the Mahabharatha,9864913,2010,Mumbai,372,200940,1970,Mumbai,Devdutt Pattanaik,12/11,1
female,,Jinx,207684,2007,"Bloomington, Indiana",262,11654,,"Bloomington, Indiana",Meg Cabot,,1
female,,Keeping Faith,10913,1999,"Nesconset, Long Island, New York,",422,7128,,"Nesconset, Long Island, New York,",Jodi Picoult,,1
,,Last Bus to Coffeeville,20467872,2014,,384,4667249,,,J. Paul Henderson,,1
male,1952/03/11,"Life, the Universe and Everything",8694,1982,"Cambridge, England",224,4,1952,"Cambridge, England",Douglas Adams,03/11,1
male,,Like the Flowing River,587666,2000,Rio de Janeiro,245,566,,Rio de Janeiro,Paulo Coelho,,1
female,1832/11/29,Little Women,1934,1868,"Germantown, Pennsylvania",449,1315,1832,"Germantown, Pennsylvania",Louisa May Alcott,11/29,1
,,Love to Langston,905345,2002,,40,92999,,,Tony Medina,,1
,,"Many Lives, Many Masters",20568133,2012,,219,4819027,,,BookRags,,1
male,1957/03/20,Marley and Me,12691,2005,Detroit,291,8002,1957,Detroit,John Grogan,03/20,1
male,,Message in a Bottle,3478,1998,"Omaha, Nebraska",342,2345,,"Omaha, Nebraska",Nicholas Sparks,,1
female,1962/08/11,Mockingjay,7260188,2010," Hartford, Connecticut",392,153394,1962," Hartford, Connecticut",Suzanne Collins,08/11,1
female,1965/09/06,Molly Moon Stops the World,799073,2001,,416,371202,1965,,Georgia Byng,09/06,1
female,1965/09/06,"Molly Moon, Micky Minus and the Mind Machine",799075,2007,,416,371202,1965,,Georgia Byng,09/06,1
female,1965/09/06,Molly Moons Hypnotic Holiday,799076,2004,,62,371202,1965,,Georgia Byng,09/06,1
female,1965/09/06,Molly Moons Hypnotic Time Travel Adventure,799072,2004,,400,371202,1965,,Georgia Byng,09/06,1
female,1965/09/06,Molly Moons Incredible Book of Hypnotism,807968,2002,,371,371202,1965,,Georgia Byng,09/06,1
male,1952/03/11,Mostly Harmless,569429,1992,"Cambridge, England",288,4,1952,"Cambridge, England",Douglas Adams,03/11,1
female,1944/11/14,Muhammad,27310,1991,"Wildmoor, Worcestershire",304,2637,1944,"Wildmoor, Worcestershire",Karen Armstrong,11/14,1
male,1932/06/11,My Children! My Africa!,212321,1990,"Middleburg, Cape Province",96,7770,1932,"Middleburg, Cape Province",Athol Fugard,06/11,1
male,1869/10/02,My Experiments with Truth,112803,1940,"Porbander, Gujrat",560,5810891,1869,"Porbander, Gujrat",Mahatma Gandhi,10/02,1
female,,My Sister's Keeper,10917,2004,"Nesconset, Long Island, New York,",423,7128,,"Nesconset, Long Island, New York,",Jodi Picoult,,1
female,1973/12/24,New Moon,49041,2006,Connecticut,563,941441,1973,Connecticut,Stephenie Meyer,12/24,1
female,,Ninth Key,199786,2001,"Bloomington, Indiana",287,11654,,"Bloomington, Indiana",Meg Cabot,,1
,,No Ordinary Wizard: Daniel Radcliffe,236936,2005,,124,55705,,,Grace Norwich,,1
male,1902/02/27,Of Mice and Men,890,1937,"Salinas Valley, California",112,585,1902,"Salinas Valley, California",John Steinbeck,02/27,1
male,1806/05/20,On Liberty,385228,1859,"Pentonville, London, England",187,57651,1806,"Pentonville, London, England",John Stuart Mill,05/20,1
male,1966/11/30,One Day,6280118,2009,"Eastleigh, Hampshire, England",435,46118,1966,"Eastleigh, Hampshire, England",David Nicholls,11/30,1
male,1974/04/22,One Night at the Call Centre,11582010,2012,New Delhi,1000,61124,1974,New Delhi,Chetan Bhagat,04/22,1
male,,Othello,12996,1603,"Stratford-upon-Avon, Warwickshire, England",314,947,,"Stratford-upon-Avon, Warwickshire, England",William Shakespeare,,1
male,1963/09/03,Outliers,3228917,2008,"London, England",309,1439,1963,"London, England",Malcolm Gladwell,09/03,1
male,1940/04/15,Paths of Glory,4102763,2009,London,448,4820,1940,London,Jeffrey Archer,04/15,1
,,Paper Towns,6442769,2008,Indianapolis,305,1406384,,Indianapolis,John Green,,1
male,,Percy Jackson and the Battle of the Labyrinth,2120932,2008,"San Antonio, Texas",361,15872,,"San Antonio, Texas",Rick Riordan,,1
,,Percy Jackson and the Lightning Thief,33793313,,,416,15001394,,,Sarah Ellen Burt,,1
male,,Percy Jackson and the Sea of Monsters,28186,2006,"San Antonio, Texas",279,15872,,"San Antonio, Texas",Rick Riordan,,1
male,,Percy Jackson and the Titans Curse,561456,2007,"San Antonio, Texas",320,15872,,"San Antonio, Texas",Rick Riordan,,1
female,1775/12/16,Pride and Prejudice,1885,1813,"Steventon Rectory, Hampshire, England",279,1265,1775,"Steventon Rectory, Hampshire, England",Jane Austen,12/16,1
,,P.S I Love You,23729224,2014,,545,7371296,,,Hayati Ahmad,,1
female,,Reunion,199785,2001,"Bloomington, Indiana",289,11654,,"Bloomington, Indiana",Meg Cabot,,1
male,1974/04/22,Revolution 2020,12615008,2011,New Delhi,296,61124,1974,New Delhi,Chetan Bhagat,04/22,1
male,,Rock Paper Scissors,31215005,2017,,46,6561846,,,Drew Daywalt,,1
male,1950/07/18,Screw It Lets Do It,198863,2006,"Blackheath, South London, England",128,115943,1950,"Blackheath, South London, England",Richard Branson,07/18,1
female,1775/12/16,Sense and Sensibility,14935,1811,"Steventon Rectory, Hampshire, England",409,1265,1775,"Steventon Rectory, Hampshire, England",Jane Austen,12/16,1
female,1963/08/20,Shadowland,25495606,2009,,191,2882485,1963,,Cherise Sinclair,08/20,1
male,1952/03/11,So Long and Thanks for All the Fish,6091075,1984,"Cambridge, England",225,4,1952,"Cambridge, England",Douglas Adams,03/11,1
female,,Star Girl,2796527,1967,,186,379177,,,Thelma Hatch Wyss,,1
,1957/11/05,Stumbling on Happiness,56627,2006,,263,32049,1957,,Daniel Todd Gilbert,11/05,1
male,1967/05/29,Superfreakonomics,20655234,2011,,561,798,1967,,Steven D. Levitt,05/29,1
,,Tales from Firozsha Baag,8962313,2010,,256,4340042,,,Books LLC,,1
male,1974/04/22,The 3 Mistakes of My Life,3320520,2008,New Delhi,258,61124,1974,New Delhi,Chetan Bhagat,04/22,1
male,1835/11/30,The Adventures of Tom Sawyer,24583,1875,"Florida, Missouri",244,1244,1835,"Florida, Missouri",Mark Twain,11/30,1
male,1956/02/22,The Children of the Lamp,339026,2004,Edinburgh Scotland,384,3155347,1956,Edinburgh Scotland,P.B. Kerr,02/22,1
male,,The Alchemist,865,1988,Rio de Janeiro,197,566,,Rio de Janeiro,Paulo Coelho,,1
male,,The Amulet of Samarkand,334123,2003,Bedford,462,33467,,Bedford,Jonathan Stroud,,1
male,1971/01/01,The Ask and the Answer,20758103,2009,"Fort Belvoir, Virginia",553,370361,1971,"Fort Belvoir, Virginia",Patrick Ness,01/01,1
male,,The Battle of the Labyrinth,2120932,2008,"San Antonio, Texas",361,15872,,"San Antonio, Texas",Rick Riordan,,1
male,1930/10/10,The Birthday Party,74090,1957,"Hackney, London",96,1197,1930,"Hackney, London",Harold Pinter,10/10,1
female,1931/02/18,The Bluest Eye,11337,1970,"Lorain, Ohio",216,3534,1931,"Lorain, Ohio",Toni Morrison,02/18,1
male,1975/06/23,The Book Thief,19063,2005,Sydney,552,11466,1975,Sydney,Markus Zusak,06/23,1
male,1954/03/20,The Cardturner,6783129,2010,"East Meadow, New York",336,6569,1954,"East Meadow, New York",Louis Sachar,03/20,1
male,,The Choice,25402194,2007,"Omaha, Nebraska",325,2345,,"Omaha, Nebraska",Nicholas Sparks,,1
male,1898/11/29,Prince Caspian,121749,1951,Belfast,240,1069006,1898,Belfast,C.S. Lewis,11/29,1
male,1898/11/29,The Magicians Nephew,65605,1955,Belfast,221,1069006,1898,Belfast,C.S. Lewis,11/29,1
male,1898/11/29,The Horse and His Boy,84119,1954,Belfast,224,1069006,1898,Belfast,C.S. Lewis,11/29,1
male,1898/11/29,The Last Battle,84369,1956,Belfast,288,1069006,1898,Belfast,C.S. Lewis,11/29,1
male,1898/11/29,"The Lion, the Witch and the Wardrobe",100915,1950,Belfast,206,1069006,1898,Belfast,C.S. Lewis,11/29,1
male,1898/11/29,The Voyage of the Dawn Treader,140225,1952,Belfast,248,1069006,1898,Belfast,C.S. Lewis,11/29,1
male,1898/11/29,The Silver Chair,65641,1953,Belfast,243,1069006,1898,Belfast,C.S. Lewis,11/29,1
male,1924/09/27,The Denial of Death,2761,1973,"Springfield, Massachusettes",336,1895,1924,"Springfield, Massachusettes",Ernest Becker,09/27,1
male,1943/10/03,The Difficulty of Being Good,6971900,2009,Faisalabad formerly known as Lyallpur,488,170980,1943,Faisalabad formerly known as Lyallpur,Gurcharan Das,10/03,1
,,The Fault in Our Stars,11870085,2012,Indianapolis,313,1406384,,Indianapolis,John Green,,1
,,The Five People You Set in Heaven,2391657,2007,"Passaic, New Jersey",208,2331,,"Passaic, New Jersey",Mitch Albom,,1
,,The Fountain Head,74428,2004,,752,42176,,,Janos Sipos,,1
male,,The Gift,17235026,2014,Liverpool,461,7177350,,Liverpool,M.R. Carey,,1
male,1946/10/19,The Good Man Jesus and the Scoundrel Christ,7645932,2009,"Norwich, Norfolk, England",265,3618,1946,"Norwich, Norfolk, England",Philip Pullman,10/19,1
,,The Google Story,164323,2005,,336,105508,,,David A. Vise,,1
male,1916/09/13,The Great Automatic Grammatizator and Other Stories,74531,1982,"Llandaff, Cardiff, Wales",263,4273,1916,"Llandaff, Cardiff, Wales",Roald Dahl,09/13,1
male,1952/03/11,The Hitchhiker's Guide to the Galaxy,386162,1979,"Cambridge, England",193,4,1952,"Cambridge, England",Douglas Adams,03/11,1
female,1962/08/11,The Hunger Games,2767052,2008," Hartford, Connecticut",374,153394,1962," Hartford, Connecticut",Suzanne Collins,08/11,1
male,,The Interpretation of Murder,820394,2006,"Washington, D.C",533,46709,,"Washington, D.C",Jed Rubenfeld,,1
male,1965/03/04,The Kite Runner,77203,2003,Kabul,371,569,1965,Kabul,Khaled Hosseini,03/04,1
male,1971/01/01,The Knife of Never Letting Go,20758104,2008,"Fort Belvoir, Virginia",512,370361,1971,"Fort Belvoir, Virginia",Patrick Ness,01/01,1
male,,The Last Olympian,4556058,2009,"San Antonio, Texas",381,15872,,"San Antonio, Texas",Rick Riordan,,1
male,,The Left Hand of God,7116709,2010,,436,4195533,,,Paul  Hoffman,,1
male,,The Lightning Thief,28187,2005,"San Antonio, Texas",377,15872,,"San Antonio, Texas",Rick Riordan,,1
,,The Lives of Others,25622258,2014,,528,2802255,,,Neel Mukherjee,,1
male,,The Lost Symbol,6411961,2009,"Exeter, New Hampshire",509,630,,"Exeter, New Hampshire",Dan Brown,,1
male,,The Lucky One,3063499,2008,"Omaha, Nebraska",326,2345,,"Omaha, Nebraska",Nicholas Sparks,,1
male,1913/11/07,The Myth of Sisyphus,91950,1942,Mondovi,192,957894,1913,Mondovi,Albert Camus,11/07,1
,,The Opium War,175682,2003,,354,102500,,,W. Travis Hanes III,,1
male,1906/10/10,The Painter of Signs,18724,1976,Chennai,176,1305302,1906,Chennai,R.K. Narayan,10/10,1
male,1970/01/25,The Perks of Being a Wallflower,22628,1999,"Pittsburgh, PA",213,12898,1970,"Pittsburgh, PA",Stephen Chbosky,01/25,1
male,1968/10/05,The Power of Others,22402254,2014,London,320,6427954,1968,London,Michael Shaw Bond,10/05,1
male,,The Red Pyramid,7090447,2010,"San Antonio, Texas",516,15872,,"San Antonio, Texas",Rick Riordan,,1
male,1971/01/01,The Reluctant Fundamentalist,40961543,2007,Lahore,228,16902,1971,Lahore,Mohsin Hamid,01/01,1
male,1952/03/11,The Restaurant at the End of the Universe,8695,1980,"Cambridge, England",250,4,1952,"Cambridge, England",Douglas Adams,03/11,1
male,1900/07/02,The Road to Mecca,362413,1954,,375,17198332,1900,,محمد أسد,07/02,1
male,,The Sea of Monsters,28186,2006,"San Antonio, Texas",279,15872,,"San Antonio, Texas",Rick Riordan,,1
,,The Self Illusion,13384559,2011,,79,2996545,,,Bruce M. Hood,,1
female,1973/12/24,The Short Second Life of Bree Tanner,7937462,2009,Connecticut,178,941441,1973,Connecticut,Stephenie Meyer,12/24,1
male,,The Storytelling Animal,12743473,2014,,248,1138643,,,Jonathan Gottschall,,1
,1958/12/10,The Thief Lord,113304,2000,"Dorsten, North Rhine-Westphalia",350,15873,1958,"Dorsten, North Rhine-Westphalia",Cornelia Funke,12/10,1
female,1981/09/30,The Time of My Life,10893138,2011,Dublin,392,7116,1981,Dublin,Cecelia Ahern,09/30,1
male,1963/09/03,The Tipping Point,2612,2000,"London, England",301,1439,1963,"London, England",Malcolm Gladwell,09/03,1
male,,The Titan's Curse,561456,2007,"San Antonio, Texas",320,15872,,"San Antonio, Texas",Rick Riordan,,1
male,,The Undercover Economist,70420,2005,,276,14442,,,Tim Harford,,1
male,1974/10/23,The White Tiger,1768603,2008,Madras,320,810254,1974,Madras,Aravind Adiga,10/23,1
,,The Wish Giver,3638,1983,,192,2495,,,Bill Brittain,,1
male,1953/07/20,The World is Flat,1911,2005,"Minneapolis, Minnesota",616,16759765,1953,"Minneapolis, Minnesota",Thomas L. Friedman,07/20,1
male,,The Zahir,1427,2005,Rio de Janeiro,336,566,,Rio de Janeiro,Paulo Coelho,,1
female,,The Zoya Factor,3840329,2008,Meerut,511,1637550,,Meerut,Anuja Chauhan,,1
male,1933/07/20,There Was a Country,12497,2005,"Providence, Rhode Island",309,4178,1933,"Providence, Rhode Island",Cormac McCarthy,07/20,1
male,,Third Best,34445008,1595,"Stratford-upon-Avon, Warwickshire, England",392,947,,"Stratford-upon-Avon, Warwickshire, England",William Shakespeare,,1
,,This Explains Everything,15818399,2013,Boston,411,63348,,Boston,John Brockman,,1
,,Tuesdays with Morrie,6900,1997,"Passaic, New Jersey",210,2331,,"Passaic, New Jersey",Mitch Albom,,1
female,1973/12/24,Twilight,41865,2005,Connecticut,498,941441,1973,Connecticut,Stephenie Meyer,12/24,1
female,1973/12/24,Twilight,41865,2005,Connecticut,498,941441,1973,Connecticut,Stephenie Meyer,12/24,1
male,1963/09/03,What the Dog Saw,6516450,2009,"London, England",444,1439,1963,"London, England",Malcolm Gladwell,09/03,1
male,1928/03/12,Who's Afraid of Virginia Woolf,14940,1962,Virginia,272,9322,1928,Virginia,Edward Albee,03/12,1
female,1959/08/27,Why Be Happy when You Could Be Normal,11395597,2011,"Manchester, England",230,9399,1959,"Manchester, England",Jeanette Winterson,08/27,1
female,1950/08/19,Wise and Otherwise,1184484,2006,Shiggaon ,220,577199,1950,Shiggaon ,Sudha Murty,08/19,1
male,,You Are Now Less Dumb,16101143,2013,,320,4945190,,,David McRaney,,1
